href,brand
https://www.omnical.co/manufacturer/ABB+Busch-Jaeger,ABB Busch-Jaeger
https://www.omnical.co/manufacturer/ABB+Components,ABB Components
https://www.omnical.co/manufacturer/ABB+HAF,ABB HAF
https://www.omnical.co/manufacturer/ABB+VanLien,ABB VanLien
https://www.omnical.co/manufacturer/ABB+Wire+and+Cable+Management,ABB Wire and Cable Management
https://www.omnical.co/manufacturer/ABL,ABL
https://www.omnical.co/manufacturer/Adels,Adels
https://www.omnical.co/manufacturer/Adolf+Schuch,Adolf Schuch
https://www.omnical.co/manufacturer/Airfan,Airfan
https://www.omnical.co/manufacturer/Allen+Bradley+(Rockwell+Automation),Allen Bradley (Rockwell Automation)
https://www.omnical.co/manufacturer/ASN+SONTHEIMER,ASN SONTHEIMER
https://www.omnical.co/manufacturer/Astro,Astro
https://www.omnical.co/manufacturer/Atea,Atea
https://www.omnical.co/manufacturer/Attema,Attema
https://www.omnical.co/manufacturer/ATX,ATX
https://www.omnical.co/manufacturer/Auer,Auer
https://www.omnical.co/manufacturer/Aura+Light+International+AB,Aura Light International AB
https://www.omnical.co/manufacturer/Balluff,Balluff
https://www.omnical.co/manufacturer/Bals,Bals
https://www.omnical.co/manufacturer/Band-It,Band-It
https://www.omnical.co/manufacturer/Banner,Banner
https://www.omnical.co/manufacturer/Bedea,Bedea
https://www.omnical.co/manufacturer/Bega,Bega
https://www.omnical.co/manufacturer/Beha-Amprobe,Beha-Amprobe
https://www.omnical.co/manufacturer/Belden,Belden
https://www.omnical.co/manufacturer/Benning,Benning
https://www.omnical.co/manufacturer/Bernstein,Bernstein
https://www.omnical.co/manufacturer/BJB,BJB
https://www.omnical.co/manufacturer/Bocchiotti,Bocchiotti
https://www.omnical.co/manufacturer/Bopla,Bopla
https://www.omnical.co/manufacturer/Brady,Brady
https://www.omnical.co/manufacturer/BTicino,BTicino
https://www.omnical.co/manufacturer/CabelCon,CabelCon
https://www.omnical.co/manufacturer/Canalit,Canalit
https://www.omnical.co/manufacturer/Carlo+Gavazzi,Carlo Gavazzi
https://www.omnical.co/manufacturer/CEAG+%2F+Crouse+Hinds,CEAG / Crouse Hinds
https://www.omnical.co/manufacturer/Cellpack,Cellpack
https://www.omnical.co/manufacturer/Cimco,Cimco
https://www.omnical.co/manufacturer/Comelit,Comelit
https://www.omnical.co/manufacturer/Concord,Concord
https://www.omnical.co/manufacturer/Conex,Conex
https://www.omnical.co/manufacturer/Conta-Clip,Conta-Clip
https://www.omnical.co/manufacturer/Coroplast,Coroplast
https://www.omnical.co/manufacturer/Danfoss,Danfoss
https://www.omnical.co/manufacturer/Dijkman,Dijkman
https://www.omnical.co/manufacturer/Disano,Disano
https://www.omnical.co/manufacturer/Draka,Draka
https://www.omnical.co/manufacturer/Duracell,Duracell
https://www.omnical.co/manufacturer/Duralamp,Duralamp
https://www.omnical.co/manufacturer/EAO,EAO
https://www.omnical.co/manufacturer/Eaton,Eaton
https://www.omnical.co/manufacturer/Eaton+Power+Quality,Eaton Power Quality
https://www.omnical.co/manufacturer/Edma,Edma
https://www.omnical.co/manufacturer/Ei+electronics,Ei electronics
https://www.omnical.co/manufacturer/Elan,Elan
https://www.omnical.co/manufacturer/Eldon,Eldon
https://www.omnical.co/manufacturer/Eldra,Eldra
https://www.omnical.co/manufacturer/Elematic,Elematic
https://www.omnical.co/manufacturer/ELEQ,ELEQ
https://www.omnical.co/manufacturer/Elpro,Elpro
https://www.omnical.co/manufacturer/EMCT,EMCT
https://www.omnical.co/manufacturer/Escha+(Turck),Escha (Turck)
https://www.omnical.co/manufacturer/Esylux,Esylux
https://www.omnical.co/manufacturer/ETI,ETI
https://www.omnical.co/manufacturer/Eupen,Eupen
https://www.omnical.co/manufacturer/Fagerhult,Fagerhult
https://www.omnical.co/manufacturer/Fermax,Fermax
https://www.omnical.co/manufacturer/Finder,Finder
https://www.omnical.co/manufacturer/Fischer,Fischer
https://www.omnical.co/manufacturer/Flexa,Flexa
https://www.omnical.co/manufacturer/Fluke,Fluke
https://www.omnical.co/manufacturer/Fosnova,Fosnova
https://www.omnical.co/manufacturer/Friedland,Friedland
https://www.omnical.co/manufacturer/Friedrich,Friedrich
https://www.omnical.co/manufacturer/GE+(General+Electric),GE (General Electric)
https://www.omnical.co/manufacturer/Gewiss,Gewiss
https://www.omnical.co/manufacturer/Gouda+Holland,Gouda Holland
https://www.omnical.co/manufacturer/Grasslin,Grasslin
https://www.omnical.co/manufacturer/Grayle,Grayle
https://www.omnical.co/manufacturer/Greenlee,Greenlee
https://www.omnical.co/manufacturer/Grothe,Grothe
https://www.omnical.co/manufacturer/Hager,Hager
https://www.omnical.co/manufacturer/Harting,Harting
https://www.omnical.co/manufacturer/Hateha,Hateha
https://www.omnical.co/manufacturer/HBI,HBI
https://www.omnical.co/manufacturer/HellermannTyton,HellermannTyton
https://www.omnical.co/manufacturer/Helukabel,Helukabel
https://www.omnical.co/manufacturer/Hirschmann+Multimedia,Hirschmann Multimedia
https://www.omnical.co/manufacturer/Hirschmann+SKS,Hirschmann SKS
https://www.omnical.co/manufacturer/HK+%2F+HAKA,HK / HAKA
https://www.omnical.co/manufacturer/Hummel,Hummel
https://www.omnical.co/manufacturer/ICC,ICC
https://www.omnical.co/manufacturer/IFM,IFM
https://www.omnical.co/manufacturer/Interlight,Interlight
https://www.omnical.co/manufacturer/ITHO+DAALDEROP,ITHO DAALDEROP
https://www.omnical.co/manufacturer/IZI,IZI
https://www.omnical.co/manufacturer/JMV,JMV
https://www.omnical.co/manufacturer/Jobarco,Jobarco
https://www.omnical.co/manufacturer/Jokari,Jokari
https://www.omnical.co/manufacturer/JSL,JSL
https://www.omnical.co/manufacturer/Jung,Jung
https://www.omnical.co/manufacturer/Katimex,Katimex
https://www.omnical.co/manufacturer/Klauke,Klauke
https://www.omnical.co/manufacturer/Klemko,Klemko
https://www.omnical.co/manufacturer/Kopp,Kopp
https://www.omnical.co/search?f_brand=Kraus+%26+Naimer&searchtype=brand,Kraus & Naimer
https://www.omnical.co/manufacturer/Lapp,Lapp
https://www.omnical.co/manufacturer/Led+Lenser,Led Lenser
https://www.omnical.co/manufacturer/LEDVANCE,LEDVANCE
https://www.omnical.co/manufacturer/Legrand,Legrand
https://www.omnical.co/manufacturer/Letbaek,Letbaek
https://www.omnical.co/manufacturer/LiniLED,LiniLED
https://www.omnical.co/manufacturer/LSK,LSK
https://www.omnical.co/manufacturer/Lumiance,Lumiance
https://www.omnical.co/manufacturer/Lumiko,Lumiko
https://www.omnical.co/manufacturer/Lumiparts,Lumiparts
https://www.omnical.co/manufacturer/MacBright,MacBright
https://www.omnical.co/manufacturer/Magnum,Magnum
https://www.omnical.co/manufacturer/Megaman,Megaman
https://www.omnical.co/manufacturer/Mennekes+(Hateha),Mennekes (Hateha)
https://www.omnical.co/manufacturer/Mepac,Mepac
https://www.omnical.co/manufacturer/Mitsubishi,Mitsubishi
https://www.omnical.co/manufacturer/Mors+Smitt,Mors Smitt
https://www.omnical.co/manufacturer/Murrelektronik,Murrelektronik
https://www.omnical.co/manufacturer/Nedelko,Nedelko
https://www.omnical.co/manufacturer/Nexans,Nexans
https://www.omnical.co/manufacturer/Nieaf-Smitt,Nieaf-Smitt
https://www.omnical.co/manufacturer/Niko,Niko
https://www.omnical.co/manufacturer/Normalux,Normalux
https://www.omnical.co/manufacturer/Norton,Norton
https://www.omnical.co/manufacturer/OBO,OBO
https://www.omnical.co/manufacturer/Omron,Omron
https://www.omnical.co/manufacturer/Online,Online
https://www.omnical.co/manufacturer/OSRAM,OSRAM
https://www.omnical.co/manufacturer/Panduit,Panduit
https://www.omnical.co/manufacturer/Peha,Peha
https://www.omnical.co/search?f_brand=Pepperl%2BFuchs&searchtype=brand,Pepperl+Fuchs
https://www.omnical.co/manufacturer/Pflitsch,Pflitsch
https://www.omnical.co/manufacturer/Philips,Philips
https://www.omnical.co/manufacturer/Phoenix+Contact,Phoenix Contact
https://www.omnical.co/manufacturer/Pilz,Pilz
https://www.omnical.co/manufacturer/Proflex,Proflex
https://www.omnical.co/manufacturer/Prolumia,Prolumia
https://www.omnical.co/manufacturer/Rademacher,Rademacher
https://www.omnical.co/manufacturer/Rapid,Rapid
https://www.omnical.co/manufacturer/Raytech,Raytech
https://www.omnical.co/manufacturer/Regiolux,Regiolux
https://www.omnical.co/manufacturer/Rehau,Rehau
https://www.omnical.co/manufacturer/Releco,Releco
https://www.omnical.co/manufacturer/Rittal,Rittal
https://www.omnical.co/manufacturer/Rose,Rose
https://www.omnical.co/search?f_brand=S%26B&searchtype=brand,S&B;
https://www.omnical.co/manufacturer/S.+Siedle+und+Soehne+OHG,S. Siedle und Soehne OHG
https://www.omnical.co/manufacturer/Saenroll,Saenroll
https://www.omnical.co/manufacturer/Schmersal,Schmersal
https://www.omnical.co/manufacturer/Schnabl,Schnabl
https://www.omnical.co/manufacturer/Schneider+Electric,Schneider Electric
https://www.omnical.co/manufacturer/Schneider+Electric+Merlin+Gerin,Schneider Electric Merlin Gerin
https://www.omnical.co/manufacturer/Schneider+Electric+Merten,Schneider Electric Merten
https://www.omnical.co/manufacturer/Schneider+Electric+Ritto,Schneider Electric Ritto
https://www.omnical.co/manufacturer/Schneider+Electric+Sarel,Schneider Electric Sarel
https://www.omnical.co/manufacturer/Schneider+Electric+STAGO,Schneider Electric STAGO
https://www.omnical.co/manufacturer/Schneider+Electric+Telemecanique,Schneider Electric Telemecanique
https://www.omnical.co/manufacturer/Schwabe,Schwabe
https://www.omnical.co/manufacturer/Siba,Siba
https://www.omnical.co/manufacturer/Sick,Sick
https://www.omnical.co/manufacturer/Siemens,Siemens
https://www.omnical.co/manufacturer/SOCOMEC,SOCOMEC
https://www.omnical.co/search?f_brand=Soler+%26+Palau&searchtype=brand,Soler & Palau
https://www.omnical.co/manufacturer/Spelsberg,Spelsberg
https://www.omnical.co/manufacturer/Stannol,Stannol
https://www.omnical.co/manufacturer/Testboy,Testboy
https://www.omnical.co/manufacturer/TKF,TKF
https://www.omnical.co/manufacturer/Tridonic,Tridonic
https://www.omnical.co/manufacturer/Trilux,Trilux
https://www.omnical.co/manufacturer/Turck,Turck
https://www.omnical.co/manufacturer/UNI-T,UNI-T
https://www.omnical.co/manufacturer/Vossloh+Schwabe,Vossloh Schwabe
https://www.omnical.co/manufacturer/Wafi,Wafi
https://www.omnical.co/manufacturer/Wago,Wago
https://www.omnical.co/manufacturer/Walther,Walther
https://www.omnical.co/manufacturer/Weicon,Weicon
https://www.omnical.co/manufacturer/Weidmuller,Weidmuller
https://www.omnical.co/search?f_brand=WERMA+Signaltechnik+GmbH+%2B+Co.+KG&searchtype=brand,WERMA Signaltechnik GmbH + Co. KG
https://www.omnical.co/manufacturer/Wiha,Wiha
https://www.omnical.co/manufacturer/Wiska,Wiska
https://www.omnical.co/manufacturer/W%C3%B6hner,WÃ¶hner
https://www.omnical.co/manufacturer/Wymefa,Wymefa
https://www.omnical.co/manufacturer/Xpelair,Xpelair
https://www.omnical.co/manufacturer/Zalux,Zalux
https://www.omnical.co/manufacturer/Zircon,Zircon
